{"chunk_definitions":[{"chunk_id":"csetup_chunk","chunk_label":"setup","document_id":"6F40AC38","expansion_state":0,"options":{"echo":false,"engine":"r","include":false,"label":"setup","message":false,"warning":false},"row":34,"row_count":1,"visible":true},{"chunk_id":"cgid2t1dmq9qw","chunk_label":"setup2","document_id":"6F40AC38","expansion_state":0,"options":{"echo":false,"engine":"r","include":false,"label":"setup2","message":false,"warning":false},"row":61,"row_count":1,"visible":true}],"default_chunk_options":{},"doc_write_time":1585928474,"working_dir":null}