"0","knitr::opts_chunk$set("
"0","  comment = ""#>"","
"0","  collapse = TRUE,"
"0","  # cache = TRUE,"
"0","  fig.retina = 0.8, # figures are either vectors or 300 dpi diagrams"
"0","  dpi = 300,"
"0","  out.width = ""70%"","
"0","  fig.align = 'center',"
"0","  fig.width = 6,"
"0","  fig.asp = 0.618,  "
"0","  fig.show = ""hold"""
"0",")"
"0",""
"0","ggplot2::theme_set(ggplot2::theme_light())"
"0",""
"0","options("
"0","  digits = 3,"
"0","  str = strOptions(strict.width = ""cut""),"
"0","  width = 69,"
"0","  tibble.width = 69,"
"0","  cli.unicode = FALSE"
"0",")"
