"0","model_salary_women <- lm("
"0","    Median_salary ~ Major_category_collapsed + Share_women,"
"0","    data = recent_grads"
"0",")"
"0","coeff_salary_women <- model_salary_women$coefficients["
"0","    length(model_salary_women$coefficients)"
"0","]"
"0",""
"0","model_women %>%"
"0","    tidy() %>% "
"0","    mutate(term = str_replace_all(term, ""Major_category_collapsed"", """")) %>% "
"0","    kable("
"0","        caption = ""Median salary linear model summary"","
"0","        col.names = c(""Coefficient"", ""Estimate"", ""Std.Error"", ""t-statistic"","
"0","                      ""P-value"")"
"0","    ) %>%"
"0","    kable_styling("
"0","        bootstrap_options = ""striped"","
"0","        full_width = FALSE"
"0","    )"
