"0","lm(Unemployment_rate ~ Major_category_collapsed + Share_women + Degree_share, "
"0","   data = recent_grads) %>%"
"0","    tidy() %>% "
"0","    mutate(term = str_replace_all(term, ""Major_category_collapsed"", """")) %>% "
"0","    kable("
"0","        caption = ""Unemployment rate linear model summary"","
"0","        col.names = c(""Coefficient"", ""Estimate"", ""Std.Error"", ""Z-statistic"","
"0","                      ""P-value"")"
"0","    ) %>%"
"0","    kable_styling("
"0","        bootstrap_options = ""striped"","
"0","        full_width = FALSE"
"0","    )"
