{"chunk_definitions":[{"chunk_id":"c9tmdfjtkzniv","chunk_label":"unnamed-chunk-1","document_id":"6EA986CB","expansion_state":0,"options":{"engine":"r","label":"unnamed-chunk-1","message":false},"row":10,"row_count":1,"visible":true},{"chunk_id":"c63favy7uxc76","chunk_label":"unnamed-chunk-2","document_id":"6EA986CB","expansion_state":0,"options":{"engine":"r","label":"unnamed-chunk-2","message":false},"row":18,"row_count":1,"visible":true},{"chunk_id":"cdl9weazo6a3b","chunk_label":"unnamed-chunk-3","document_id":"6EA986CB","expansion_state":0,"options":{"engine":"r","label":"unnamed-chunk-3","message":false},"row":28,"row_count":1,"visible":true},{"chunk_id":"cbr7nxks4g855","chunk_label":"unnamed-chunk-4","document_id":"6EA986CB","expansion_state":0,"options":{"engine":"r","label":"unnamed-chunk-4","message":false},"row":41,"row_count":1,"visible":true},{"chunk_id":"ctv9ip0pi2q59","chunk_label":"unnamed-chunk-5","document_id":"71D252BE","expansion_state":0,"options":{"engine":"r","label":"unnamed-chunk-5","message":false},"row":57,"row_count":1,"visible":true},{"chunk_id":"cgs9y0z7oyieq","chunk_label":"unnamed-chunk-6","document_id":"6EA986CB","expansion_state":0,"options":{"engine":"r","label":"unnamed-chunk-10","message":false},"row":69,"row_count":1,"visible":true},{"chunk_id":"cg1e96zwmsjz3","chunk_label":"unnamed-chunk-7","document_id":"6EA986CB","expansion_state":0,"options":{"engine":"r","label":"unnamed-chunk-11","message":false},"row":85,"row_count":1,"visible":true},{"chunk_id":"c1stnaf4od3r2","chunk_label":"unnamed-chunk-8","document_id":"6EA986CB","expansion_state":0,"options":{"engine":"r","label":"unnamed-chunk-12","message":false},"row":103,"row_count":1,"visible":true},{"chunk_id":"c9k3dshzs6rbf","chunk_label":"unnamed-chunk-9","document_id":"6EA986CB","expansion_state":0,"options":{"engine":"r","label":"unnamed-chunk-2","message":false},"row":118,"row_count":1,"visible":true},{"chunk_id":"cmhh4lz0qkwrp","chunk_label":"unnamed-chunk-10","document_id":"6EA986CB","expansion_state":0,"options":{"engine":"r","label":"unnamed-chunk-1","message":false},"row":159,"row_count":1,"visible":true}],"doc_write_time":1585247964}