{"chunk_definitions":[{"chunk_id":"cgpn4wgw3lw9b","chunk_label":"unnamed-chunk-1","document_id":"326CD1D5","expansion_state":0,"options":{"engine":"r","label":"unnamed-chunk-2","message":false,"warning":false},"row":8,"row_count":1,"visible":true},{"chunk_id":"cw06nqm66gz7y","chunk_label":"unnamed-chunk-2","document_id":"D04F58E5","expansion_state":0,"options":{"engine":"r","label":"unnamed-chunk-3"},"row":16,"row_count":1,"visible":true},{"chunk_id":"cerx5qnexs1yr","chunk_label":"unnamed-chunk-3","document_id":"D04F58E5","expansion_state":0,"options":{"echo":false,"engine":"r","fig.asp":0.3000000000000000,"label":"unnamed-chunk-8"},"row":27,"row_count":1,"visible":true},{"chunk_id":"co8s81zeoz88v","chunk_label":"unnamed-chunk-4","document_id":"D04F58E5","expansion_state":0,"options":{"echo":true,"engine":"r","fig.asp":0.3000000000000000,"label":"unnamed-chunk-10"},"row":43,"row_count":1,"visible":true},{"chunk_id":"cebzyonwr7vs6","chunk_label":"unnamed-chunk-5","document_id":"D04F58E5","expansion_state":0,"options":{"echo":false,"engine":"r","label":"unnamed-chunk-48"},"row":60,"row_count":1,"visible":true},{"chunk_id":"ciy555o5g4993","chunk_label":"unnamed-chunk-6","document_id":"D04F58E5","expansion_state":0,"options":{"echo":false,"engine":"r","label":"unnamed-chunk-49"},"row":77,"row_count":1,"visible":true},{"chunk_id":"clds83qfj1v6q","chunk_label":"unnamed-chunk-7","document_id":"D04F58E5","expansion_state":0,"options":{"echo":false,"engine":"r","label":"unnamed-chunk-30"},"row":99,"row_count":1,"visible":true},{"chunk_id":"cxnmlx3jv3bfd","chunk_label":"unnamed-chunk-8","document_id":"D04F58E5","expansion_state":0,"options":{"engine":"r","label":"unnamed-chunk-31"},"row":108,"row_count":1,"visible":true},{"chunk_id":"cl4pvfa2jc2l1","chunk_label":"unnamed-chunk-9","document_id":"D04F58E5","expansion_state":0,"options":{"echo":false,"engine":"r","label":"unnamed-chunk-34"},"row":124,"row_count":1,"visible":true},{"chunk_id":"cr07tlhsplgev","chunk_label":"unnamed-chunk-10","document_id":"D04F58E5","expansion_state":0,"options":{"echo":false,"engine":"r","label":"unnamed-chunk-50"},"row":146,"row_count":1,"visible":true},{"chunk_id":"c8v8epbfxm71l","chunk_label":"unnamed-chunk-11","document_id":"D04F58E5","expansion_state":0,"options":{"echo":false,"engine":"r","label":"unnamed-chunk-51"},"row":170,"row_count":1,"visible":true},{"chunk_id":"chf5ez8qyub31","chunk_label":"unnamed-chunk-12","document_id":"D04F58E5","expansion_state":0,"options":{"echo":false,"engine":"r","label":"unnamed-chunk-52"},"row":193,"row_count":1,"visible":true},{"chunk_id":"c3t2z55wy3xg1","chunk_label":"unnamed-chunk-13","document_id":"D04F58E5","expansion_state":0,"options":{"echo":false,"engine":"r","label":"unnamed-chunk-53"},"row":215,"row_count":1,"visible":true}],"chunk_rendered_width":700,"doc_write_time":1586622861}