{"chunk_definitions":[{"chunk_id":"cto4bn6a9fvia","chunk_label":"unnamed-chunk-11","document_id":"834C795C","expansion_state":0,"options":{"echo":false,"engine":"r","label":"unnamed-chunk-119"},"row":222,"row_count":1,"visible":true},{"chunk_id":"cp0buhcjo6ijm","chunk_label":"unnamed-chunk-14","document_id":"834C795C","expansion_state":0,"options":{"echo":false,"engine":"r","label":"unnamed-chunk-115"},"row":271,"row_count":1,"visible":true},{"chunk_id":"cfin0sjbaswxi","chunk_label":"unnamed-chunk-15","document_id":"834C795C","expansion_state":0,"options":{"echo":false,"engine":"r","label":"unnamed-chunk-117"},"row":296,"row_count":1,"visible":true},{"chunk_id":"cxiqsaiz5ox7s","chunk_label":"unnamed-chunk-16","document_id":"834C795C","expansion_state":0,"options":{"engine":"r","label":"unnamed-chunk-122"},"row":312,"row_count":1,"visible":true},{"chunk_id":"c8wd8zs8q2o7d","chunk_label":"unnamed-chunk-17","document_id":"834C795C","expansion_state":0,"options":{"engine":"r","label":"unnamed-chunk-124"},"row":322,"row_count":1,"visible":true},{"chunk_id":"c0whdh1xclebx","chunk_label":"unnamed-chunk-18","document_id":"834C795C","expansion_state":0,"options":{"engine":"r","label":"unnamed-chunk-133"},"row":342,"row_count":1,"visible":true}],"doc_write_time":1587557846}