{"chunk_definitions":[{"chunk_id":"caj68q3ybn895","chunk_label":"unnamed-chunk-3","document_id":"2217DCD4","expansion_state":0,"options":{"engine":"r","label":"unnamed-chunk-8"},"row":34,"row_count":1,"visible":true},{"chunk_id":"c3c6ye8ltksh3","chunk_label":"unnamed-chunk-4","document_id":"2217DCD4","expansion_state":0,"options":{"engine":"r","label":"unnamed-chunk-7"},"row":43,"row_count":1,"visible":true},{"chunk_id":"c717rnuh5yv03","chunk_label":"unnamed-chunk-7","document_id":"2217DCD4","expansion_state":0,"options":{"engine":"r","label":"unnamed-chunk-6"},"row":85,"row_count":1,"visible":true},{"chunk_id":"c05ao43ngnb0o","chunk_label":"unnamed-chunk-8","document_id":"2217DCD4","expansion_state":0,"options":{"engine":"r","label":"unnamed-chunk-3"},"row":97,"row_count":1,"visible":true},{"chunk_id":"c6dvxcd3ghn4l","chunk_label":"unnamed-chunk-11","document_id":"2217DCD4","expansion_state":0,"options":{"engine":"r","label":"unnamed-chunk-2"},"row":202,"row_count":1,"visible":true}],"doc_write_time":1585238126}