{"chunk_definitions":[{"chunk_id":"cgpn4wgw3lw9b","chunk_label":"unnamed-chunk-1","document_id":"326CD1D5","expansion_state":0,"options":{"engine":"r","label":"unnamed-chunk-14","message":false},"row":8,"row_count":1,"visible":true},{"chunk_id":"cgtacoz5ay7hn","chunk_label":"unnamed-chunk-2","document_id":"326CD1D5","expansion_state":0,"options":{"engine":"r","label":"unnamed-chunk-15"},"row":16,"row_count":1,"visible":true},{"chunk_id":"cg2cgtdr8jmlg","chunk_label":"unnamed-chunk-3","document_id":"326CD1D5","expansion_state":0,"options":{"echo":false,"engine":"r","fig.asp":0.3000000000000000,"label":"unnamed-chunk-19"},"row":31,"row_count":1,"visible":true},{"chunk_id":"c17s2jh9p4ndr","chunk_label":"unnamed-chunk-4","document_id":"326CD1D5","expansion_state":0,"options":{"echo":false,"engine":"r","fig.asp":0.3000000000000000,"label":"unnamed-chunk-20"},"row":48,"row_count":1,"visible":true}],"chunk_rendered_width":700,"doc_write_time":1586187013}