"0","ggplot(recent_grads) + "
"0","    geom_histogram(aes(Median_salary, ..density..),"
"0","                   binwidth = 2000, fill = ""white"", color = ""black"") + "
"0","    stat_function("
"0","        fun = dnorm,"
"0","        args = list(mean = mean(recent_grads$Median_salary),"
"0","                    sd = sd(recent_grads$Median_salary))"
"0","    ) + "
"0","    labs("
"0","        x = ""Collapsed major category"","
"0","        y = ""Unemployment rate"","
"0","        title = paste0(""Unemployment rate is similar among groups"")"
"0","    )"
